email,github,hw01,hw02,hw03
anya@school.edu,ghclass-anya,hw01-team01,hw02-team01,hw03-team01
bruno@school.edu,ghclass-bruno,hw01-team02,hw02-team02,hw03-team02
celine@school.edu,ghclass-celine,hw01-team03,hw02-team03,hw03-team03
diego@school.edu,ghclass-diego,hw01-team01,hw02-team03,hw03-team02
elijah@school.edu,ghclass-elijah,hw01-team02,hw02-team01,hw03-team03
francis@school.edu,ghclass-francis,hw01-team03,hw02-team02,hw03-team01
